,predicted_label,scores,true_label
0,1,0.984680712223053,1
1,1,0.9763205647468567,1
2,1,0.983319103717804,1
3,1,0.9865908622741699,1
4,1,0.9691481590270996,0
5,-1,0.7350096106529236,-1
6,-1,0.49377813935279846,0
7,1,0.9810738563537598,1
8,1,0.8803735971450806,1
9,1,0.9803159832954407,1
10,1,0.8746481537818909,1
11,1,0.9828259348869324,1
12,-1,0.5450451970100403,1
13,1,0.9359960556030273,1
14,1,0.8952910900115967,1
15,1,0.9881390929222107,1
16,-1,0.6401326656341553,0
17,1,0.5754635334014893,0
18,1,0.9877397418022156,1
19,1,0.9813635349273682,1
20,1,0.9895078539848328,1
21,1,0.9867849946022034,1
22,1,0.9833168387413025,1
23,1,0.938983142375946,1
24,1,0.978870153427124,1
25,1,0.9866859912872314,1
26,1,0.9852391481399536,1
27,1,0.9259406924247742,1
28,1,0.9714425802230835,1
29,-1,0.4962325096130371,-1
30,1,0.9728394746780396,1
31,-1,0.7881186604499817,1
32,1,0.9804312586784363,1
33,-1,0.9477539658546448,-1
34,1,0.9256148934364319,1
35,1,0.983389675617218,1
36,-1,0.4841758608818054,-1
37,1,0.9512493014335632,1
38,1,0.9780594110488892,1
39,1,0.9853267669677734,1
40,1,0.9645462036132812,1
41,1,0.9089452028274536,1
42,1,0.978919267654419,1
43,1,0.9775165319442749,1
44,-1,0.8754542469978333,0
45,-1,0.9176610708236694,-1
46,1,0.9871947169303894,1
47,1,0.9019152522087097,1
48,1,0.921366274356842,1
49,1,0.9782394766807556,1
50,1,0.9874292016029358,1
51,1,0.9175432324409485,1
52,1,0.9822129011154175,1
53,1,0.9286903142929077,1
54,1,0.9843142032623291,1
55,1,0.9884264469146729,1
56,1,0.9648429751396179,1
57,1,0.9910037517547607,1
58,-1,0.889254093170166,-1
59,1,0.9866588115692139,1
60,1,0.6291690468788147,0
61,1,0.9830775856971741,1
62,1,0.9631029963493347,1
63,1,0.9870449900627136,1
64,1,0.9805789589881897,1
65,1,0.9873009920120239,1
66,-1,0.8535755276679993,-1
67,1,0.9854320883750916,1
68,1,0.9727527499198914,1
69,1,0.8777297735214233,1
70,1,0.9093480110168457,1
71,1,0.9345059990882874,1
72,1,0.9865738749504089,1
73,1,0.9860545992851257,1
74,1,0.9040640592575073,0
75,1,0.7376286387443542,1
76,1,0.9866487383842468,1
77,1,0.984865665435791,1
78,1,0.9869185090065002,1
79,1,0.9872811436653137,1
80,1,0.984457790851593,1
81,1,0.9798589944839478,1
82,1,0.987006425857544,1
83,1,0.9762184619903564,1
84,1,0.9848700761795044,1
85,1,0.9897230863571167,1
86,1,0.9113039970397949,1
87,-1,0.38277342915534973,-1
88,1,0.4962391257286072,0
89,-1,0.9591151475906372,-1
90,-1,0.9335840344429016,-1
91,1,0.9864018559455872,1
92,1,0.988248348236084,1
93,1,0.9402354955673218,1
94,1,0.9695066809654236,1
95,1,0.9868370294570923,1
96,1,0.9782388210296631,1
97,1,0.986809492111206,1
98,1,0.9013925790786743,1
99,1,0.9871711134910583,1
100,1,0.9866839051246643,1
101,1,0.9865925908088684,1
102,1,0.982475996017456,1
103,1,0.98674076795578,1
104,1,0.9869750738143921,1
105,1,0.9799687266349792,1
106,1,0.95240718126297,0
107,1,0.9872525334358215,1
108,1,0.9820013642311096,1
109,1,0.986855685710907,1
110,1,0.9848730564117432,1
111,1,0.8370457291603088,-1
112,-1,0.8610325455665588,0
113,1,0.9801724553108215,1
114,1,0.9842092394828796,1
115,1,0.9828506708145142,1
116,1,0.9859954714775085,1
117,0,0.44606754183769226,-1
118,1,0.9845724105834961,1
119,1,0.9038733243942261,1
120,1,0.9825637936592102,1
121,1,0.978061318397522,1
122,1,0.9637438654899597,1
123,1,0.9800793528556824,1
124,1,0.989057719707489,1
125,1,0.9850451350212097,1
126,1,0.9883962869644165,1
127,1,0.9851201176643372,1
128,1,0.9882991313934326,1
129,1,0.9901168942451477,1
130,1,0.987253725528717,1
131,1,0.979268491268158,1
132,1,0.6705171465873718,0
133,1,0.9733543395996094,1
134,1,0.9684852957725525,1
135,-1,0.7069237232208252,-1
136,1,0.9878968000411987,1
137,1,0.9867448210716248,1
138,1,0.9862726330757141,1
139,1,0.9849778413772583,1
140,-1,0.8659813404083252,-1
141,1,0.732499897480011,0
142,1,0.9809600114822388,1
143,1,0.9869014620780945,1
144,1,0.9894000887870789,1
145,1,0.9858039617538452,1
146,1,0.9861189126968384,1
147,1,0.9824841618537903,1
148,1,0.9877966046333313,1
149,1,0.9830097556114197,1
150,1,0.9652368426322937,1
151,1,0.97578364610672,1
152,1,0.9822798371315002,1
153,1,0.9881155490875244,1
154,0,0.7782261371612549,1
155,0,0.4884360730648041,-1
156,1,0.9810016751289368,1
157,1,0.9901931881904602,1
158,1,0.9842767715454102,1
159,1,0.9823556542396545,1
160,1,0.9871826171875,1
161,1,0.9892985820770264,1
162,-1,0.45922303199768066,-1
163,1,0.9893978834152222,1
164,1,0.8540562391281128,1
165,1,0.9830718636512756,1
166,1,0.9814838767051697,1
167,-1,0.621887743473053,-1
168,-1,0.7494096159934998,-1
169,1,0.9719894528388977,1
170,1,0.9437534213066101,1
171,1,0.9875818490982056,1
172,1,0.9056516885757446,1
173,-1,0.483539342880249,-1
174,1,0.9730556607246399,1
175,1,0.9866082668304443,1
176,1,0.6572790741920471,0
177,1,0.987806499004364,1
178,1,0.9258785843849182,1
179,1,0.966141402721405,1
180,-1,0.8391180634498596,-1
181,1,0.956137478351593,1
182,1,0.988089382648468,1
183,1,0.9829007983207703,1
184,1,0.9703583121299744,1
185,1,0.9893669486045837,1
186,1,0.9851940274238586,1
187,1,0.9843958616256714,1
188,-1,0.9125901460647583,0
189,1,0.9884373545646667,1
190,1,0.9743175506591797,1
191,1,0.9870172142982483,1
192,1,0.9827017188072205,1
193,1,0.9885246157646179,1
194,1,0.9770950078964233,1
195,1,0.9881755113601685,1
196,1,0.9857965111732483,1
197,1,0.8490815162658691,1
198,1,0.9901984930038452,1
199,1,0.9849705696105957,1
200,1,0.9896172285079956,1
201,1,0.9807718396186829,1
202,1,0.9841114282608032,1
203,1,0.9848970174789429,1
204,1,0.950867235660553,1
205,1,0.9800037741661072,1
206,-1,0.8599236607551575,-1
207,1,0.9886612892150879,1
208,1,0.98797208070755,1
209,1,0.9816992282867432,1
210,1,0.978985071182251,1
211,1,0.9843508005142212,1
212,1,0.9748186469078064,1
213,1,0.9884882569313049,1
214,1,0.7942149043083191,1
215,-1,0.9453542232513428,-1
216,1,0.9881843328475952,1
217,-1,0.9194640517234802,-1
218,1,0.9870692491531372,1
219,1,0.8853163719177246,1
220,-1,0.8163167238235474,-1
221,-1,0.8778237104415894,-1
222,0,0.4376298487186432,-1
223,1,0.9827075600624084,1
224,1,0.9892878532409668,1
225,-1,0.9111547470092773,-1
226,1,0.9791234731674194,1
227,1,0.9890444278717041,1
228,1,0.9677574634552002,1
229,1,0.9889205098152161,1
230,1,0.9854704141616821,1
231,1,0.9356995224952698,1
232,1,0.9640467166900635,1
233,-1,0.9403812289237976,-1
234,1,0.9901828169822693,1
235,1,0.938770592212677,0
236,1,0.9811192750930786,1
237,1,0.8755382299423218,1
238,1,0.9516769647598267,1
239,1,0.9767948985099792,1
240,1,0.9884705543518066,1
241,1,0.9875378608703613,1
242,1,0.986661970615387,1
243,1,0.9882710576057434,1
244,1,0.9885164499282837,1
245,1,0.9871211647987366,1
246,1,0.9793565273284912,1
247,-1,0.7360576391220093,-1
248,1,0.9865597486495972,1
249,1,0.8977245092391968,1
250,-1,0.8189350962638855,-1
251,1,0.9891698956489563,1
252,1,0.9448550939559937,1
253,1,0.9482154250144958,1
254,-1,0.9640739560127258,-1
255,1,0.9469102621078491,1
256,1,0.9833074808120728,1
257,-1,0.5725314021110535,0
258,1,0.8948682546615601,1
259,1,0.9475156664848328,1
260,1,0.98583984375,1
261,1,0.9841258525848389,1
262,-1,0.8905045390129089,-1
263,1,0.9863389730453491,1
264,1,0.9871089458465576,1
265,1,0.9862558245658875,1
266,1,0.9883753061294556,1
267,1,0.8726736903190613,1
268,1,0.9866037368774414,1
269,1,0.9836347103118896,1
270,1,0.9363794922828674,1
271,1,0.9800863265991211,1
272,1,0.9820552468299866,1
273,-1,0.9328442215919495,-1
274,1,0.9854495525360107,1
275,1,0.987639844417572,1
276,-1,0.9401737451553345,-1
277,1,0.9894541501998901,1
278,1,0.920072078704834,1
279,1,0.9826907515525818,1
280,1,0.984327495098114,1
281,1,0.9707430601119995,1
282,1,0.975191056728363,1
283,1,0.9829709529876709,1
284,1,0.9880306124687195,1
285,1,0.9887881875038147,1
286,1,0.9834559559822083,1
287,1,0.9773164391517639,1
288,1,0.984733521938324,1
289,1,0.9884621500968933,1
290,1,0.9908145070075989,1
291,0,0.6145166158676147,-1
292,1,0.9840712547302246,1
293,-1,0.3786093592643738,-1
294,1,0.9889090657234192,1
295,1,0.9672264456748962,1
296,1,0.9882503747940063,1
297,1,0.9825267195701599,1
298,1,0.7538052797317505,0
299,1,0.9820916056632996,1
300,1,0.9852359294891357,1
301,-1,0.8162807822227478,-1
302,1,0.9874528050422668,1
303,1,0.9612564444541931,1
304,1,0.9813525080680847,1
305,1,0.9849147796630859,1
306,-1,0.9562647938728333,-1
307,1,0.9770312905311584,1
308,1,0.9819307923316956,1
309,1,0.9878906011581421,1
310,1,0.972518265247345,1
311,1,0.9856604337692261,1
312,1,0.98042231798172,1
313,1,0.9835665822029114,1
314,-1,0.797143816947937,0
315,1,0.9883147478103638,1
316,1,0.98757404088974,1
317,1,0.9847763776779175,1
318,1,0.9880168437957764,1
319,-1,0.9248796701431274,-1
320,1,0.9879103899002075,1
321,1,0.9880335330963135,1
322,1,0.9794935584068298,1
323,1,0.989440381526947,1
324,-1,0.8860395550727844,-1
325,1,0.7969017028808594,1
326,1,0.9865989685058594,1
327,1,0.9847978949546814,1
328,1,0.9753724932670593,1
329,1,0.9875693917274475,1
330,1,0.9892036318778992,1
331,1,0.9802629351615906,1
332,1,0.9870516061782837,1
333,1,0.9813374280929565,1
334,0,0.3911609649658203,0
335,1,0.989732563495636,1
336,1,0.9871730804443359,1
337,1,0.9898041486740112,1
338,1,0.9851843118667603,1
339,1,0.9798344969749451,1
340,1,0.9858586192131042,1
341,1,0.986781895160675,1
342,-1,0.9273472428321838,-1
343,-1,0.5994746685028076,0
344,1,0.9275543093681335,1
345,1,0.9857394099235535,1
346,1,0.9882820248603821,1
347,1,0.9874241948127747,1
348,1,0.9736250042915344,1
349,1,0.9871920347213745,1
350,1,0.9880446791648865,1
351,-1,0.6030080914497375,-1
352,1,0.9890480637550354,1
353,-1,0.7867245078086853,-1
354,1,0.955763578414917,1
355,1,0.9831122756004333,1
356,1,0.9862813353538513,1
357,1,0.9877756834030151,1
358,1,0.9884440302848816,1
359,1,0.9829636812210083,1
360,1,0.9886555671691895,1
361,1,0.9780304431915283,1
362,1,0.9795317649841309,1
363,1,0.5645713210105896,-1
364,1,0.9517835378646851,1
365,1,0.9854018688201904,1
366,1,0.9877135753631592,1
367,1,0.9670224189758301,1
368,1,0.9837440848350525,1
369,1,0.9804953336715698,1
370,1,0.8218579292297363,0
371,1,0.9882047176361084,1
372,1,0.9906173348426819,1
373,1,0.9870113134384155,1
374,1,0.9880131483078003,1
375,1,0.9852247834205627,1
376,-1,0.9432364106178284,-1
377,1,0.9552379250526428,1
378,1,0.9871734380722046,1
379,1,0.9847593903541565,1
380,1,0.9814660549163818,1
381,1,0.9865334033966064,1
382,1,0.9764713048934937,1
383,1,0.9855756759643555,1
384,1,0.9879258871078491,1
385,0,0.5444736480712891,-1
386,1,0.9751906991004944,1
387,1,0.9820031523704529,1
388,1,0.9690818786621094,1
389,1,0.9846930503845215,1
390,1,0.9847843647003174,1
391,0,0.4781053066253662,-1
392,1,0.982693076133728,1
393,1,0.9892624020576477,1
394,-1,0.9474606513977051,-1
395,1,0.9451455473899841,1
396,1,0.9769337773323059,1
397,1,0.9828008413314819,1
398,1,0.9617440104484558,1
399,1,0.9858735799789429,1
400,1,0.971315860748291,1
401,1,0.4064978361129761,1
402,1,0.9889345765113831,1
403,1,0.9839629530906677,1
404,-1,0.8982670903205872,-1
405,1,0.9852446913719177,1
406,1,0.9844455122947693,1
407,1,0.9757553935050964,1
408,1,0.9844375848770142,1
409,1,0.9834964275360107,1
410,1,0.9719253778457642,1
411,1,0.9875909090042114,1
412,1,0.9839404821395874,1
413,-1,0.9238741993904114,-1
414,1,0.9731042385101318,1
415,1,0.9847247004508972,1
416,1,0.9844900965690613,1
417,1,0.9843295216560364,1
418,1,0.9861350655555725,1
419,1,0.988332211971283,1
420,1,0.9879665970802307,1
421,1,0.9866114854812622,1
422,1,0.9868214726448059,1
423,1,0.9665273427963257,1
424,1,0.9862061142921448,1
425,1,0.9786821603775024,1
426,-1,0.8425021767616272,-1
427,1,0.9802195429801941,1
428,1,0.9858928322792053,1
429,1,0.9864436388015747,1
430,1,0.9887471795082092,1
431,1,0.987384557723999,1
432,1,0.9799875020980835,1
433,1,0.9816834926605225,1
434,1,0.9880651831626892,1
435,-1,0.72041916847229,-1
436,-1,0.911173939704895,-1
437,1,0.9820771217346191,1
438,1,0.9721003770828247,1
439,1,0.9786112904548645,1
440,1,0.9888061285018921,1
441,1,0.9083922505378723,1
442,1,0.9836928248405457,1
443,1,0.985267162322998,1
444,1,0.3776026666164398,0
445,1,0.9852724671363831,1
446,1,0.976231038570404,1
447,1,0.9755446314811707,1
448,1,0.9896163940429688,1
449,1,0.9876779913902283,1
450,-1,0.9364840388298035,-1
451,1,0.969956636428833,1
452,1,0.9871434569358826,1
453,1,0.9787561893463135,1
454,1,0.9858733415603638,1
455,1,0.984875500202179,1
456,1,0.9828349351882935,1
457,1,0.9872884750366211,1
458,1,0.983588457107544,1
459,1,0.9878889918327332,1
460,1,0.9867227673530579,1
461,1,0.9862509965896606,1
462,1,0.9851618409156799,1
463,1,0.9874281287193298,1
464,1,0.9794115424156189,1
465,1,0.9853933453559875,1
466,-1,0.8219176530838013,-1
467,1,0.9831595420837402,1
468,1,0.987743616104126,1
469,-1,0.7362103462219238,-1
470,1,0.8293332457542419,1
471,1,0.7200676798820496,-1
472,1,0.9883605241775513,1
473,1,0.9531083703041077,1
474,1,0.8847103714942932,0
475,1,0.5797451734542847,1
476,1,0.7908411622047424,1
477,1,0.9847403168678284,1
478,-1,0.7090256810188293,0
479,1,0.9834981560707092,1
480,1,0.7895488739013672,1
481,1,0.9890115261077881,1
482,1,0.9875019788742065,1
483,1,0.9735508561134338,1
484,1,0.9530620574951172,1
485,1,0.8961184620857239,0
486,1,0.9816177487373352,1
487,1,0.961106538772583,1
488,-1,0.9131601452827454,-1
489,1,0.9459232091903687,1
490,1,0.9838301539421082,1
491,1,0.9873325228691101,1
492,-1,0.7338107228279114,0
493,1,0.9901986122131348,1
494,1,0.9540426731109619,1
495,1,0.9838045239448547,1
496,1,0.7308221459388733,1
497,1,0.9125863909721375,1
498,1,0.9871121048927307,1
499,1,0.7730813026428223,1
500,1,0.9616338610649109,1
501,1,0.982907235622406,1
502,1,0.5970304012298584,0
503,1,0.9826595783233643,1
504,1,0.9316222667694092,1
505,1,0.9855372309684753,1
506,0,0.4040597975254059,1
507,-1,0.8518447279930115,0
508,-1,0.8923341035842896,0
509,-1,0.949766993522644,-1
510,-1,0.4118357300758362,0
511,-1,0.504794180393219,-1
512,1,0.9805318713188171,1
513,1,0.9363921284675598,1
514,1,0.43190088868141174,1
515,1,0.9663599133491516,1
516,1,0.9786821603775024,1
517,1,0.9818763732910156,1
518,1,0.9570810794830322,1
519,1,0.989281177520752,1
520,1,0.9784302711486816,1
521,1,0.9869101643562317,1
522,1,0.9803360104560852,1
523,1,0.5545219779014587,-1
524,1,0.982990026473999,1
525,1,0.9876412749290466,1
526,1,0.9659730792045593,1
527,1,0.9867924451828003,1
528,1,0.989519476890564,1
529,1,0.9747758507728577,1
530,1,0.9407241940498352,1
531,1,0.9589239358901978,1
532,1,0.9852324724197388,1
533,1,0.9703232049942017,1
534,1,0.9855819344520569,1
535,1,0.9886733889579773,1
536,1,0.9811047911643982,1
537,-1,0.6529452800750732,-1
538,1,0.9834514856338501,1
539,1,0.8521358966827393,1
540,1,0.9860283732414246,1
541,1,0.9484108090400696,1
542,1,0.9525532722473145,1
543,1,0.9891992211341858,1
544,1,0.8800914883613586,1
545,1,0.9849181771278381,1
546,1,0.9868847131729126,1
547,1,0.9470382332801819,0
548,1,0.9826833009719849,1
549,1,0.9834966659545898,1
550,1,0.9887942671775818,1
551,0,0.7312173843383789,-1
552,1,0.9766111373901367,1
553,1,0.9821035265922546,1
554,1,0.9875869750976562,1
555,-1,0.7666307091712952,-1
556,1,0.9562878608703613,1
557,1,0.9857656955718994,1
558,1,0.9811484217643738,1
559,1,0.9886073470115662,0
560,1,0.8998107314109802,1
561,1,0.9885070323944092,1
562,1,0.9566459059715271,1
563,1,0.9893471002578735,1
564,1,0.9585548639297485,1
565,1,0.988609790802002,1
566,-1,0.737766444683075,0
567,1,0.9696398973464966,1
568,1,0.9826176762580872,1
569,1,0.9206978678703308,0
570,1,0.9895327091217041,1
571,1,0.9661939740180969,1
572,1,0.9882085919380188,1
573,1,0.9864051342010498,1
574,1,0.9887838959693909,1
575,1,0.9871991276741028,1
576,1,0.49130135774612427,0
577,1,0.9882848262786865,1
578,-1,0.9238249063491821,-1
579,1,0.984449565410614,1
580,1,0.9758244156837463,1
581,1,0.9876435995101929,1
582,1,0.7058043479919434,1
583,1,0.987412691116333,1
584,1,0.9865486025810242,1
585,1,0.9905855059623718,1
586,1,0.979482889175415,1
587,1,0.9712030291557312,1
588,1,0.9865598678588867,1
589,1,0.980807363986969,1
590,1,0.9845030903816223,1
591,1,0.9867843985557556,1
592,-1,0.48071011900901794,-1
593,1,0.984000563621521,1
594,1,0.9856560230255127,1
595,1,0.985623836517334,1
596,1,0.9897071123123169,1
597,1,0.9823327660560608,1
598,1,0.9799013137817383,1
599,1,0.9364161491394043,1
600,1,0.9862101674079895,1
601,1,0.9857434630393982,1
602,-1,0.8861193060874939,-1
603,1,0.9868354797363281,1
604,1,0.9884059429168701,1
605,-1,0.9368352293968201,-1
606,1,0.9879658818244934,1
607,1,0.9613252878189087,0
608,1,0.9487109780311584,1
609,1,0.9859122633934021,1
610,1,0.9879915118217468,1
611,1,0.9858755469322205,1
612,1,0.9830805659294128,1
613,1,0.9505007266998291,1
614,0,0.5254603624343872,-1
615,1,0.9807302951812744,1
616,1,0.9834541082382202,1
617,1,0.9842893481254578,1
618,1,0.9854444861412048,1
619,1,0.9548277854919434,1
620,1,0.9890081882476807,1
621,1,0.9841160178184509,1
622,-1,0.8663472533226013,-1
623,1,0.9871169924736023,1
624,1,0.9803829193115234,1
625,1,0.9891836643218994,1
626,1,0.9868533611297607,1
627,1,0.9557008743286133,1
628,1,0.9852055907249451,1
629,1,0.9877665042877197,1
630,1,0.988650918006897,1
631,1,0.9800532460212708,1
632,1,0.9789559841156006,1
633,1,0.9886144399642944,1
634,1,0.98948073387146,1
635,1,0.9876735806465149,1
636,-1,0.8681047558784485,0
637,1,0.9874496459960938,1
638,1,0.985978901386261,1
639,1,0.9900665283203125,1
640,1,0.9868822693824768,1
641,1,0.9724111557006836,1
642,1,0.9880385994911194,1
643,1,0.9892531037330627,1
644,0,0.5359213948249817,-1
645,-1,0.8572746515274048,-1
646,1,0.9886525273323059,1
647,1,0.9885579347610474,1
648,1,0.9872184991836548,1
649,1,0.9820589423179626,1
650,1,0.9833471179008484,1
651,1,0.9853728413581848,1
652,1,0.988795280456543,1
653,1,0.9838414192199707,1
654,1,0.9891225695610046,1
655,1,0.9619889259338379,1
656,1,0.9884588122367859,1
657,1,0.9786884784698486,1
658,1,0.9860481023788452,1
659,1,0.9700701832771301,1
660,1,0.9396609663963318,1
661,1,0.9766157865524292,1
662,1,0.941162645816803,1
663,1,0.984420120716095,1
664,1,0.9860712885856628,1
665,1,0.9857842326164246,1
666,-1,0.919979453086853,-1
667,1,0.9869547486305237,1
668,1,0.7471385598182678,0
669,1,0.9913937449455261,1
670,-1,0.5487599968910217,1
671,1,0.9805079102516174,1
672,1,0.931712806224823,1
673,1,0.9885473251342773,1
674,1,0.9896448850631714,1
675,1,0.9829504489898682,1
676,1,0.9843489527702332,1
677,1,0.9842780232429504,1
678,1,0.984767735004425,1
679,-1,0.9254451990127563,-1
680,1,0.9857032895088196,1
681,1,0.9828729033470154,1
682,1,0.9866563081741333,1
683,1,0.985358476638794,1
684,1,0.9860318899154663,1
685,1,0.9858958125114441,1
686,1,0.9889647960662842,1
687,-1,0.9408928155899048,-1
688,-1,0.8903552293777466,-1
689,1,0.9858929514884949,1
690,1,0.9862017035484314,1
691,1,0.9892057180404663,1
692,1,0.9867907166481018,1
693,1,0.9829884171485901,1
694,1,0.9862083196640015,1
695,1,0.9850120544433594,1
696,1,0.9562475681304932,1
697,1,0.9905939102172852,1
698,1,0.975604236125946,1
699,1,0.9886294603347778,1
700,1,0.9835257530212402,1
701,1,0.9569529294967651,1
702,1,0.9873433113098145,1
703,1,0.9819188117980957,1
704,1,0.9757040739059448,1
705,1,0.8377414345741272,1
706,1,0.9777678847312927,1
707,1,0.9887068271636963,1
708,1,0.9869679808616638,1
709,1,0.9732397198677063,1
710,1,0.9611443877220154,1
711,-1,0.923549473285675,-1
712,-1,0.8993809819221497,-1
713,1,0.9890941977500916,1
714,0,0.5978162288665771,-1
715,1,0.9842575788497925,1
716,1,0.9863145351409912,1
717,1,0.9821588397026062,1
718,1,0.9863913059234619,1
719,1,0.9873844385147095,1
720,1,0.9887630343437195,1
721,1,0.984998881816864,1
722,1,0.95472651720047,1
723,1,0.9771539568901062,1
724,1,0.9869553446769714,1
725,1,0.9890592098236084,1
726,1,0.9883201122283936,1
727,1,0.9875696301460266,0
728,1,0.9849274158477783,1
729,1,0.9830458164215088,1
730,-1,0.7144599556922913,-1
731,1,0.9806499481201172,1
732,1,0.9866517782211304,1
733,1,0.9881046414375305,1
734,1,0.9831438660621643,1
735,1,0.9782707095146179,1
736,1,0.9832853674888611,1
737,-1,0.6427066326141357,-1
738,1,0.9629701375961304,1
739,1,0.9477318525314331,1
740,1,0.8528132438659668,1
741,1,0.9673491716384888,1
742,1,0.958946943283081,1
743,1,0.9767052531242371,1
744,0,0.5101568102836609,0
745,1,0.957973301410675,0
746,1,0.9794730544090271,1
747,1,0.9662119746208191,1
748,1,0.9143364429473877,1
749,1,0.9304377436637878,1
750,1,0.9612762331962585,1
751,1,0.9825499057769775,1
752,1,0.9739685654640198,1
753,0,0.5550965070724487,1
754,1,0.9858903884887695,1
755,0,0.4609490931034088,0
756,1,0.9473830461502075,1
757,1,0.8900060653686523,0
758,1,0.6907972693443298,1
759,1,0.9841201901435852,1
760,1,0.958936870098114,1
761,1,0.4875602722167969,1
762,1,0.9859510064125061,1
763,1,0.9745306968688965,1
764,1,0.9400297403335571,1
765,1,0.9464702010154724,1
766,1,0.9788200259208679,1
767,1,0.9073381423950195,1
768,1,0.9617490768432617,1
769,1,0.9758481979370117,1
770,1,0.9076001644134521,1
771,1,0.9542068243026733,1
772,1,0.9758315682411194,1
773,1,0.9601860642433167,1
774,1,0.8840671181678772,1
775,1,0.9876309037208557,1
776,1,0.937515377998352,1
777,1,0.7485162615776062,1
778,1,0.5247702598571777,1
779,1,0.9311159253120422,1
780,1,0.8921496272087097,1
781,1,0.9706118702888489,1
782,1,0.9737762212753296,1
783,1,0.9527289867401123,1
784,1,0.9309900999069214,1
785,1,0.6114367842674255,1
786,1,0.9636334180831909,1
787,1,0.9588075280189514,1
788,1,0.9794366955757141,1
789,1,0.8837846517562866,1
790,1,0.8724426031112671,1
791,0,0.7027934789657593,1
792,1,0.9865069389343262,1
793,1,0.9520512223243713,1
794,1,0.7767766118049622,1
795,1,0.9818204045295715,1
796,1,0.9456519484519958,1
797,1,0.9555881023406982,1
798,1,0.8549284934997559,0
799,1,0.9456457495689392,0
800,1,0.7819516062736511,1
801,1,0.8156096339225769,1
802,1,0.8664528131484985,1
803,1,0.9633857011795044,1
804,0,0.404936283826828,0
805,1,0.9871668219566345,1
806,1,0.9598708748817444,1
807,1,0.9190292954444885,1
808,0,0.5810955762863159,1
809,1,0.9813811779022217,1
810,-1,0.7430667281150818,-1
811,1,0.9299163222312927,1
812,-1,0.9287142753601074,-1
813,1,0.9688456654548645,1
814,1,0.9784736037254333,1
815,1,0.9862902760505676,1
816,1,0.8580294251441956,1
817,1,0.9784295558929443,1
818,1,0.9870507717132568,1
819,1,0.9690640568733215,1
820,1,0.731536328792572,0
821,1,0.9707304835319519,1
822,1,0.9520145654678345,1
823,1,0.8984875679016113,1
824,1,0.9830687046051025,1
825,0,0.5054389238357544,1
826,1,0.9471001625061035,1
827,1,0.8102204203605652,1
828,-1,0.8650681972503662,0
829,1,0.9670494794845581,1
830,1,0.9778947234153748,1
831,1,0.9538475871086121,1
832,1,0.9529557228088379,1
833,1,0.9656936526298523,1
834,-1,0.4147273898124695,1
835,1,0.8557125926017761,0
836,1,0.9776185154914856,1
837,1,0.8536612391471863,1
838,1,0.9879597425460815,1
839,1,0.9205135703086853,1
840,1,0.9781980514526367,1
841,1,0.9698691964149475,1
842,1,0.97480708360672,1
843,1,0.803950309753418,0
844,1,0.9601340889930725,1
845,1,0.9727847576141357,1
846,1,0.9820333123207092,1
847,1,0.9353805780410767,1
848,1,0.9806640148162842,1
849,1,0.9880825281143188,1
850,1,0.9369739890098572,1
851,1,0.5713792443275452,0
852,1,0.9154348969459534,1
853,1,0.9692593216896057,1
854,1,0.7796244621276855,1
855,1,0.8482977151870728,1
856,1,0.945468008518219,1
857,1,0.9730485677719116,1
858,1,0.7651465535163879,0
859,1,0.9894638061523438,1
860,1,0.9271048903465271,1
861,1,0.7741177678108215,1
862,1,0.964813768863678,1
863,1,0.9456132650375366,1
864,1,0.9825568795204163,1
865,0,0.5102531909942627,1
866,1,0.9882875084877014,1
867,-1,0.8541184067726135,-1
868,1,0.9835720658302307,1
869,1,0.9526792764663696,1
870,1,0.9855454564094543,1
871,1,0.984039843082428,1
872,1,0.9792003631591797,1
873,1,0.7243233323097229,1
874,1,0.983119785785675,1
875,1,0.5019856095314026,0
876,1,0.9612065553665161,1
877,1,0.9639719128608704,1
878,1,0.9803531169891357,1
879,1,0.9795989990234375,1
880,1,0.9728081226348877,1
881,1,0.973702073097229,1
882,1,0.8332189917564392,0
883,1,0.9829062223434448,1
884,1,0.9850570559501648,1
885,1,0.8934946060180664,1
886,1,0.8489382266998291,1
887,1,0.5736258625984192,1
888,1,0.9885976314544678,1
889,1,0.9761813879013062,1
890,1,0.8659558892250061,1
891,1,0.9495300650596619,1
892,1,0.9458709955215454,1
893,1,0.9051477313041687,1
894,1,0.9470503330230713,1
895,1,0.5515061616897583,1
896,1,0.907372772693634,1
897,1,0.9805492758750916,1
898,1,0.9139283895492554,1
899,1,0.9343996047973633,1
900,1,0.9744248390197754,1
901,1,0.9645302295684814,1
902,1,0.9860281944274902,1
903,1,0.975300133228302,1
904,1,0.9502374529838562,1
905,1,0.9861758351325989,1
906,1,0.9851852655410767,1
907,0,0.4398397207260132,1
908,1,0.9197306036949158,1
909,-1,0.8296202421188354,-1
910,1,0.9866181015968323,1
911,1,0.8061150908470154,1
912,1,0.9824045300483704,1
913,0,0.5997290015220642,0
914,1,0.9490267634391785,1
915,0,0.48047640919685364,1
916,1,0.7206200361251831,1
917,1,0.9780747890472412,1
918,-1,0.6543024182319641,0
919,1,0.9633930325508118,1
920,1,0.9844874739646912,1
921,1,0.9867788553237915,1
922,1,0.9807199835777283,1
923,1,0.9457752108573914,1
924,1,0.9449670910835266,1
925,1,0.9205965399742126,1
926,1,0.9691786170005798,1
927,1,0.9873621463775635,1
928,1,0.985711395740509,1
929,1,0.9711503386497498,1
930,-1,0.5602256059646606,-1
931,1,0.7250397205352783,1
932,1,0.9753443598747253,1
933,1,0.8535342216491699,1
934,1,0.9879314303398132,1
935,1,0.9880536198616028,1
936,1,0.9717755913734436,1
937,1,0.9745104312896729,1
938,1,0.9472501873970032,1
939,1,0.9300418496131897,1
940,1,0.9485828876495361,1
941,1,0.9859586358070374,1
942,1,0.9826693534851074,1
943,1,0.9900609254837036,1
944,-1,0.8749251961708069,0
945,1,0.9758287072181702,1
946,1,0.9842756986618042,1
947,1,0.9815581440925598,1
948,1,0.378426730632782,0
949,1,0.9349165558815002,1
950,1,0.8656747341156006,1
951,1,0.9899071455001831,1
952,1,0.9822738766670227,1
953,-1,0.8468583822250366,0
954,1,0.9845986366271973,1
955,1,0.9871938824653625,1
956,1,0.9845423698425293,1
957,1,0.9748883247375488,1
958,1,0.9784759283065796,1
959,1,0.9768298268318176,1
960,1,0.968670129776001,1
961,1,0.8334797620773315,1
962,1,0.783331573009491,0
963,1,0.9561605453491211,1
964,1,0.9159029722213745,1
965,0,0.7502942085266113,0
966,1,0.9126838445663452,1
967,1,0.9513733386993408,1
968,1,0.975081205368042,1
969,1,0.9713175296783447,1
970,1,0.9833327531814575,1
971,1,0.7499779462814331,-1
972,1,0.7076483964920044,1
973,1,0.9681293964385986,1
974,1,0.9806507229804993,1
975,1,0.9768129587173462,1
976,1,0.9817230105400085,1
977,1,0.9655216932296753,1
978,1,0.9749423861503601,1
979,1,0.9815350770950317,1
980,1,0.9587956666946411,1
981,-1,0.747968316078186,1
982,1,0.8754209280014038,1
983,1,0.9412617087364197,1
984,-1,0.8511069416999817,1
985,1,0.987230122089386,1
986,1,0.9758346080780029,1
987,-1,0.5632084608078003,1
988,1,0.9766313433647156,1
989,1,0.9736757278442383,1
990,-1,0.8378186225891113,0
991,1,0.9827399253845215,1
992,1,0.9866703152656555,1
993,1,0.7308138608932495,1
994,1,0.9885379076004028,1
995,1,0.9873107671737671,1
996,1,0.816271960735321,0
997,1,0.43611717224121094,0
998,1,0.9630373120307922,1
999,1,0.968553364276886,1
1000,1,0.9759263396263123,1
1001,1,0.9718647599220276,1
1002,1,0.9057531356811523,1
1003,1,0.9815725088119507,1
1004,1,0.9787843823432922,1
1005,1,0.9880847334861755,1
1006,1,0.9801880121231079,1
1007,1,0.9850673675537109,1
1008,0,0.37186917662620544,-1
1009,1,0.9779566526412964,1
1010,0,0.5372834205627441,1
1011,-1,0.8876417875289917,-1
1012,0,0.3550105392932892,1
1013,1,0.9853758215904236,1
1014,-1,0.7411964535713196,-1
1015,1,0.9564669132232666,0
1016,1,0.9837167263031006,1
1017,1,0.9822725057601929,1
1018,1,0.9668508768081665,1
1019,1,0.9859733581542969,1
1020,1,0.9761245250701904,1
1021,1,0.9855933785438538,1
1022,1,0.9901250600814819,1
1023,1,0.9362180233001709,1
1024,1,0.955707311630249,1
1025,-1,0.8619314432144165,-1
1026,1,0.9616268873214722,1
1027,1,0.9828571081161499,1
1028,1,0.9665145874023438,1
1029,1,0.9110596179962158,1
1030,1,0.9871773719787598,1
1031,-1,0.8218663930892944,-1
1032,1,0.9806323647499084,1
1033,1,0.9842678904533386,1
1034,1,0.9270243644714355,1
1035,1,0.9572758078575134,1
1036,1,0.9828617572784424,1
1037,1,0.9613067507743835,1
1038,1,0.9243906140327454,1
1039,1,0.977262020111084,1
1040,1,0.9779676198959351,1
1041,1,0.9502081871032715,1
1042,0,0.42463862895965576,0
1043,1,0.9768999814987183,1
1044,1,0.9464931488037109,1
1045,1,0.9743223190307617,1
1046,1,0.987128496170044,1
1047,0,0.49178966879844666,1
1048,1,0.9279019236564636,1
1049,1,0.9877447485923767,1
1050,1,0.9860615730285645,1
1051,0,0.6577135324478149,1
1052,-1,0.6419872641563416,1
1053,1,0.8449715375900269,1
1054,1,0.9764177799224854,1
1055,1,0.9840492010116577,1
1056,1,0.9514629244804382,1
1057,1,0.9759281277656555,1
1058,1,0.9834074378013611,1
1059,1,0.7214963436126709,1
1060,1,0.4694660007953644,0
1061,1,0.8295060992240906,0
1062,1,0.9784331321716309,1
1063,1,0.933576226234436,1
1064,1,0.9849144816398621,1
1065,1,0.9681517481803894,1
1066,1,0.9827242493629456,1
1067,1,0.978570282459259,1
1068,1,0.984992504119873,1
1069,1,0.9831019043922424,1
1070,1,0.9753217697143555,1
1071,1,0.9272944331169128,1
1072,1,0.9876799583435059,1
1073,1,0.9865734577178955,1
1074,1,0.9859258532524109,1
1075,1,0.9843891263008118,1
1076,0,0.40991607308387756,1
1077,1,0.5962197780609131,1
1078,1,0.9891706109046936,1
1079,1,0.9896120429039001,1
1080,1,0.9890374541282654,1
1081,1,0.9869148135185242,1
1082,1,0.9840961694717407,1
1083,1,0.9797447919845581,1
1084,1,0.97890704870224,1
1085,1,0.9833100438117981,1
1086,-1,0.6728865504264832,-1
1087,1,0.9595856070518494,1
1088,1,0.9359742999076843,1
1089,1,0.9590411186218262,1
1090,1,0.9653611183166504,1
1091,1,0.9898253083229065,1
1092,1,0.9839576482772827,1
1093,1,0.8900469541549683,1
1094,1,0.9843820929527283,1
1095,1,0.9053114056587219,1
1096,1,0.9864170551300049,1
1097,1,0.591712474822998,1
1098,1,0.7268258333206177,1
1099,1,0.9761711955070496,1
1100,-1,0.9386714100837708,-1
1101,1,0.9880445599555969,1
1102,1,0.9686622023582458,1
1103,-1,0.9248917102813721,-1
1104,1,0.9770495295524597,1
1105,1,0.9720680713653564,1
1106,1,0.9723684191703796,1
1107,1,0.989291250705719,1
1108,1,0.9795088768005371,1
1109,1,0.987023115158081,1
1110,1,0.9460825324058533,1
1111,1,0.9379543662071228,1
1112,1,0.9846440553665161,1
1113,1,0.9570354223251343,1
1114,1,0.8928813934326172,1
1115,1,0.9882755279541016,1
1116,1,0.9870349764823914,1
1117,1,0.9834215044975281,1
1118,1,0.9578344821929932,0
1119,1,0.937108039855957,1
1120,1,0.9789801836013794,1
1121,1,0.9859198331832886,1
1122,0,0.6784377694129944,0
1123,1,0.807719886302948,1
1124,1,0.7733723521232605,1
1125,1,0.9811372756958008,1
1126,-1,0.9390837550163269,-1
1127,1,0.7895541191101074,1
1128,1,0.9527503848075867,1
1129,1,0.9799541234970093,1
1130,1,0.4994537830352783,0
1131,1,0.987425684928894,1
1132,1,0.9809797406196594,1
1133,1,0.9174885749816895,1
1134,1,0.9849355220794678,1
1135,1,0.9849271774291992,1
1136,1,0.9900278449058533,1
1137,1,0.9467540383338928,1
1138,1,0.9748274087905884,1
1139,1,0.824655294418335,-1
1140,1,0.9513195157051086,1
1141,1,0.9863086342811584,1
1142,1,0.9884092807769775,1
1143,1,0.9903324246406555,1
1144,1,0.9845644235610962,1
1145,1,0.9299494624137878,1
1146,1,0.9857276082038879,1
1147,1,0.978367030620575,1
1148,1,0.9865434765815735,1
1149,1,0.9847358465194702,1
1150,-1,0.5813701152801514,0
1151,1,0.9671574234962463,1
1152,1,0.9751620292663574,1
1153,1,0.6686578392982483,0
1154,1,0.9887803792953491,1
1155,1,0.9324234127998352,0
1156,1,0.9322389960289001,1
1157,1,0.9826541543006897,1
1158,1,0.9819270968437195,1
1159,1,0.9838712215423584,1
1160,1,0.9766395688056946,1
1161,1,0.9699373841285706,1
1162,1,0.9510031938552856,1
1163,1,0.9860857725143433,1
1164,1,0.9492728114128113,1
1165,1,0.9621237516403198,1
1166,1,0.9788601994514465,1
1167,1,0.9820517897605896,1
1168,1,0.9884935021400452,1
1169,-1,0.35825619101524353,1
1170,1,0.9870567917823792,1
1171,1,0.9872685074806213,1
1172,1,0.9901570081710815,1
1173,1,0.9858918786048889,1
1174,1,0.9772182106971741,1
1175,1,0.7861843109130859,1
1176,1,0.9632128477096558,1
1177,1,0.9367172122001648,1
1178,1,0.9650618433952332,1
1179,1,0.9878579378128052,1
1180,1,0.9656355977058411,1
1181,1,0.9879234433174133,1
1182,1,0.44302985072135925,1
1183,1,0.788628339767456,1
1184,1,0.975658118724823,1
1185,1,0.9633355140686035,1
1186,1,0.9860801100730896,1
1187,1,0.9433327317237854,1
1188,1,0.9704700112342834,1
1189,1,0.9853715300559998,1
1190,1,0.9853980541229248,1
1191,1,0.9750699996948242,1
1192,1,0.9698370099067688,1
1193,-1,0.7811926007270813,0
1194,1,0.9398900270462036,0
1195,1,0.9865766763687134,1
1196,-1,0.9470102190971375,-1
1197,1,0.8312505483627319,1
1198,1,0.9891519546508789,1
1199,1,0.9669951796531677,1
1200,0,0.3986954987049103,0
1201,1,0.9574528336524963,1
1202,1,0.978347659111023,1
1203,1,0.9467378854751587,1
1204,1,0.9494848847389221,1
1205,-1,0.7148274779319763,-1
1206,-1,0.8871367573738098,-1
1207,1,0.9890556335449219,1
1208,1,0.5169566869735718,1
1209,1,0.9798429608345032,1
1210,1,0.97240149974823,1
1211,1,0.9842698574066162,1
1212,1,0.9494271874427795,1
1213,1,0.9774266481399536,1
1214,1,0.9882892370223999,1
1215,-1,0.8913568258285522,-1
1216,1,0.9630229473114014,1
1217,1,0.9763447046279907,1
1218,1,0.9742680788040161,1
1219,1,0.9889294505119324,1
1220,1,0.9870629906654358,1
1221,1,0.9427995681762695,1
1222,1,0.9873155355453491,1
1223,1,0.9861339926719666,1
1224,1,0.9814106822013855,1
1225,1,0.9655166864395142,1
1226,1,0.8050184845924377,0
1227,1,0.9877294898033142,1
1228,1,0.7029830813407898,1
1229,1,0.9718532562255859,1
1230,1,0.9734712243080139,1
1231,1,0.9836501479148865,1
1232,0,0.532574474811554,1
1233,1,0.9748254418373108,1
1234,1,0.9875726699829102,1
1235,1,0.9847155809402466,1
1236,1,0.9881254434585571,1
1237,1,0.9711160063743591,1
1238,1,0.9332334995269775,1
1239,1,0.9804830551147461,1
1240,1,0.9634134769439697,1
1241,1,0.934773325920105,1
1242,1,0.9765288233757019,1
1243,1,0.9807372093200684,1
1244,1,0.8755587935447693,1
1245,1,0.9851641654968262,1
1246,1,0.9469218254089355,1
1247,1,0.9774928689002991,1
1248,1,0.9890856146812439,1
1249,1,0.9726321697235107,1
1250,1,0.9852920174598694,1
1251,1,0.9781614542007446,1
1252,1,0.983932614326477,1
1253,1,0.9838953614234924,1
1254,1,0.989236056804657,1
1255,1,0.9772375226020813,1
1256,1,0.9877521991729736,1
1257,1,0.5236470103263855,0
1258,1,0.9869480133056641,1
1259,1,0.9881553649902344,1
1260,1,0.9763455986976624,1
1261,1,0.9737862944602966,1
1262,1,0.9878958463668823,1
1263,1,0.9869157075881958,1
1264,1,0.985436737537384,1
1265,1,0.9650819301605225,1
1266,-1,0.7959057092666626,0
1267,1,0.9832582473754883,1
1268,1,0.7263620495796204,1
1269,1,0.9842216968536377,1
1270,1,0.9769343733787537,1
1271,1,0.9870030283927917,1
1272,1,0.9872586131095886,1
1273,-1,0.7760008573532104,0
1274,1,0.9846794009208679,1
1275,-1,0.5958048105239868,-1
1276,1,0.987520694732666,1
1277,1,0.9755505323410034,1
1278,1,0.9822331666946411,1
1279,1,0.9822172522544861,1
1280,1,0.9834223985671997,1
1281,1,0.9802401661872864,1
1282,1,0.9498158097267151,1
1283,1,0.987064003944397,1
1284,1,0.987360954284668,1
1285,1,0.9733664393424988,1
1286,1,0.9870648384094238,1
1287,1,0.9892494678497314,1
1288,1,0.9835076332092285,1
1289,1,0.9774865508079529,1
1290,-1,0.5498368740081787,1
1291,1,0.9887728095054626,1
1292,1,0.9878565073013306,1
1293,1,0.9794214963912964,1
1294,1,0.42625296115875244,0
1295,1,0.9800466299057007,1
1296,1,0.9768627882003784,1
1297,1,0.9677653908729553,1
1298,1,0.9655031561851501,1
1299,1,0.9849647879600525,1
1300,1,0.9346421957015991,1
1301,1,0.9865865707397461,1
1302,1,0.9859657287597656,1
1303,1,0.9831261038780212,1
1304,1,0.9733980298042297,1
1305,1,0.9867538809776306,1
1306,1,0.9864438772201538,1
1307,1,0.9460346102714539,0
1308,1,0.9856047034263611,1
1309,1,0.9861878752708435,1
1310,-1,0.9232029318809509,-1
1311,1,0.9891325831413269,1
1312,1,0.9780372381210327,1
1313,1,0.9864215850830078,1
1314,1,0.9869166612625122,1
1315,1,0.9848850965499878,1
1316,1,0.9881711006164551,1
1317,1,0.9764783382415771,1
1318,1,0.9891408681869507,1
1319,1,0.9844008088111877,1
1320,1,0.9843606352806091,1
1321,1,0.9871395230293274,1
1322,1,0.9088360071182251,1
1323,1,0.9826048612594604,1
1324,1,0.9842260479927063,1
1325,1,0.9726238250732422,1
1326,1,0.9883870482444763,1
1327,1,0.9888744354248047,1
1328,1,0.8301955461502075,1
1329,1,0.9883238077163696,1
1330,1,0.9590759873390198,1
1331,0,0.42161691188812256,1
1332,1,0.9813382625579834,1
1333,1,0.9864730834960938,1
1334,-1,0.9404175281524658,0
1335,1,0.9769949913024902,1
1336,-1,0.8384881019592285,-1
1337,1,0.9844276309013367,1
1338,1,0.9876073002815247,1
1339,1,0.9861152172088623,1
1340,1,0.9380552768707275,1
1341,1,0.986271858215332,1
1342,1,0.9585834741592407,1
1343,1,0.9682399034500122,1
1344,1,0.7641485929489136,1
1345,1,0.9614085555076599,1
1346,1,0.8659022450447083,1
1347,1,0.7505162954330444,1
1348,1,0.9743388295173645,1
1349,1,0.984531581401825,1
1350,1,0.9744296073913574,1
1351,-1,0.9341123104095459,-1
1352,1,0.9866998195648193,1
1353,1,0.9817907810211182,1
1354,1,0.9305956363677979,1
1355,1,0.6354683041572571,1
1356,1,0.8981100916862488,1
1357,1,0.9485807418823242,1
1358,1,0.9412247538566589,1
1359,1,0.8772670030593872,1
1360,0,0.5554630756378174,1
1361,1,0.9703263640403748,1
1362,1,0.9642632603645325,1
1363,1,0.9789382219314575,1
1364,1,0.9754951000213623,1
1365,1,0.9848911166191101,1
1366,1,0.6878417134284973,1
1367,1,0.981351912021637,1
1368,1,0.971359133720398,1
1369,1,0.8943421840667725,1
1370,-1,0.5316907167434692,1
1371,1,0.9716455936431885,1
1372,1,0.9788397550582886,1
1373,1,0.9686872959136963,1
1374,1,0.9813945293426514,1
1375,0,0.9437366724014282,1
1376,1,0.36964908242225647,1
1377,1,0.682343065738678,1
1378,1,0.9760751128196716,1
1379,1,0.9848968982696533,1
1380,1,0.9358945488929749,1
1381,1,0.9874983429908752,1
1382,-1,0.7940545082092285,-1
1383,1,0.9484474658966064,1
1384,1,0.9734077453613281,1
1385,-1,0.923500120639801,0
1386,1,0.6070369482040405,1
1387,1,0.9718613028526306,1
1388,1,0.98701012134552,1
1389,1,0.9776824116706848,1
1390,1,0.9644427299499512,1
1391,1,0.7212575674057007,1
1392,1,0.948615312576294,1
1393,1,0.9739348292350769,1
1394,1,0.9441686272621155,1
1395,1,0.9826024770736694,1
1396,1,0.9275661706924438,1
1397,1,0.8657386302947998,1
1398,1,0.7907102108001709,1
1399,1,0.8404693007469177,1
1400,1,0.9571501016616821,1
1401,1,0.9846819639205933,1
1402,1,0.9262980818748474,1
1403,1,0.9598263502120972,1
1404,1,0.9868565201759338,1
1405,1,0.9785856008529663,1
1406,1,0.9439297318458557,1
1407,1,0.9286211133003235,1
1408,1,0.9840572476387024,1
1409,1,0.9780210852622986,1
1410,1,0.9637460112571716,1
1411,1,0.9817588329315186,1
1412,1,0.98764568567276,1
1413,1,0.9530595541000366,1
1414,1,0.9830126166343689,1
1415,1,0.9736554026603699,1
1416,1,0.7667528390884399,1
1417,1,0.9864426851272583,1
1418,1,0.9605474472045898,1
1419,1,0.9586969614028931,1
1420,1,0.9851581454277039,1
1421,1,0.9079498648643494,1
1422,1,0.9578884840011597,1
1423,1,0.9884213209152222,1
1424,1,0.937191367149353,1
1425,1,0.9677878618240356,1
1426,1,0.952385425567627,1
1427,1,0.9796477556228638,1
1428,1,0.9620651602745056,1
1429,1,0.9386862516403198,1
1430,1,0.9832767248153687,1
1431,1,0.9849244952201843,1
1432,1,0.9457869529724121,1
1433,-1,0.9364754557609558,0
1434,1,0.9835574626922607,1
1435,1,0.9789440631866455,1
1436,1,0.9771495461463928,1
1437,1,0.9727587103843689,1
1438,1,0.9623481631278992,1
1439,1,0.9832236766815186,1
1440,1,0.9779737591743469,1
1441,1,0.9857483506202698,1
1442,1,0.9845795631408691,1
1443,1,0.9666959047317505,1
1444,1,0.9765207171440125,1
1445,0,0.4813529849052429,1
1446,1,0.984312891960144,1
1447,1,0.9441744089126587,1
1448,1,0.9821401238441467,1
1449,1,0.852003812789917,1
1450,1,0.9689542651176453,1
1451,1,0.8018708229064941,1
1452,1,0.9141727089881897,1
1453,1,0.9828394055366516,1
1454,1,0.9623869061470032,1
1455,1,0.9073722958564758,1
1456,1,0.8381710648536682,1
1457,1,0.9830887913703918,1
1458,1,0.9271502494812012,1
1459,1,0.9421405792236328,1
1460,1,0.9446890354156494,1
1461,1,0.9768162965774536,1
1462,1,0.9150241017341614,1
1463,0,0.6682573556900024,1
1464,1,0.9768730401992798,1
1465,1,0.7267008423805237,1
1466,1,0.9742584824562073,1
1467,1,0.9836593866348267,1
1468,1,0.9297356605529785,1
1469,1,0.9799830913543701,1
1470,1,0.9652478694915771,1
1471,1,0.9372574687004089,1
1472,1,0.7782598733901978,1
1473,1,0.9469158053398132,1
1474,1,0.9283292889595032,1
1475,1,0.9684186577796936,1
1476,1,0.9898349642753601,1
1477,1,0.9465472102165222,1
1478,1,0.9773046970367432,1
1479,1,0.8595542311668396,1
1480,1,0.9439919590950012,1
1481,1,0.9526857733726501,1
1482,1,0.9647364020347595,1
1483,1,0.9433521628379822,1
1484,1,0.9885891675949097,1
1485,1,0.9868080019950867,1
1486,0,0.5550903081893921,1
1487,1,0.9889877438545227,1
1488,1,0.9856979846954346,1
1489,1,0.9798203110694885,1
1490,1,0.6964175701141357,1
1491,1,0.9523491859436035,1
1492,1,0.9741945266723633,1
1493,1,0.8008578419685364,1
1494,1,0.9791715741157532,1
1495,1,0.9664885997772217,1
1496,1,0.9564884901046753,1
1497,1,0.9330604076385498,1
1498,1,0.9815623164176941,1
1499,1,0.9867002964019775,1
1500,1,0.9750425815582275,1
1501,1,0.9877091646194458,1
1502,1,0.974614679813385,1
1503,1,0.9881705045700073,1
1504,1,0.9233390092849731,1
1505,-1,0.7623657584190369,1
1506,1,0.9677196145057678,1
1507,1,0.95867919921875,1
1508,1,0.578882098197937,1
1509,1,0.986458957195282,1
1510,1,0.9677284359931946,1
1511,1,0.9874269962310791,1
1512,1,0.9614701867103577,1
1513,1,0.9886468052864075,1
1514,1,0.9757866859436035,1
1515,1,0.9778870940208435,1
1516,0,0.4639351963996887,0
1517,1,0.9725243449211121,1
1518,1,0.9731786251068115,1
1519,1,0.9765896201133728,1
1520,1,0.9868173003196716,1
1521,1,0.981109619140625,1
1522,1,0.737196683883667,0
1523,1,0.9828075170516968,1
1524,1,0.9730831384658813,1
1525,1,0.9857306480407715,1
1526,1,0.9809412956237793,1
1527,0,0.5574526786804199,1
1528,1,0.9466769695281982,1
1529,1,0.9827399253845215,1
1530,1,0.9455509781837463,1
1531,0,0.4819009602069855,0
1532,1,0.533700704574585,1
1533,1,0.980010449886322,1
1534,1,0.9747671484947205,1
1535,1,0.9760263562202454,1
1536,1,0.9880062937736511,1
1537,1,0.980273962020874,1
1538,1,0.9892281293869019,1
1539,1,0.5143634080886841,1
1540,1,0.896388590335846,1
1541,1,0.9646813869476318,1
1542,1,0.9879776239395142,1
1543,1,0.5396988391876221,0
1544,1,0.9867426156997681,1
1545,1,0.9410825967788696,1
1546,1,0.978865385055542,1
1547,1,0.5217423439025879,1
1548,1,0.9856049418449402,1
1549,1,0.9484173059463501,1
1550,1,0.9848293662071228,1
1551,1,0.9758575558662415,1
1552,1,0.5439762473106384,1
1553,1,0.9212712645530701,1
1554,1,0.9616594314575195,1
1555,1,0.9615614414215088,1
1556,1,0.9778863191604614,1
1557,1,0.9020363688468933,1
1558,1,0.9670587778091431,1
1559,1,0.9831542372703552,1
1560,1,0.9842911958694458,1
1561,1,0.9821911454200745,1
1562,1,0.9260201454162598,1
1563,1,0.8674603700637817,1
1564,1,0.9774536490440369,1
1565,1,0.8592342734336853,1
1566,1,0.9658102989196777,1
1567,1,0.5977237224578857,1
1568,1,0.8704684972763062,1
1569,1,0.9838452339172363,1
1570,0,0.4888657033443451,1
1571,-1,0.9267084002494812,0
1572,1,0.9426558017730713,1
1573,1,0.5256408452987671,1
1574,1,0.9833072423934937,1
1575,1,0.9777552485466003,1
1576,1,0.9629409313201904,1
1577,1,0.9434347152709961,1
1578,1,0.9751009345054626,1
1579,1,0.8981629014015198,1
1580,1,0.9302398562431335,1
1581,1,0.8342705368995667,1
1582,1,0.9855664968490601,1
1583,1,0.9106093645095825,1
1584,0,0.6667819619178772,1
1585,1,0.8024968504905701,1
1586,1,0.5882326364517212,1
1587,1,0.9780915379524231,1
1588,1,0.9706404805183411,1
1589,1,0.9722864031791687,1
1590,1,0.9833478331565857,1
1591,1,0.9883326888084412,1
1592,1,0.969520092010498,1
1593,1,0.8851892948150635,1
1594,1,0.7096757292747498,1
1595,1,0.9840766787528992,1
1596,1,0.9744277596473694,1
1597,1,0.9837839007377625,1
1598,1,0.9704663157463074,1
1599,1,0.9758578538894653,1
1600,1,0.8785682320594788,1
1601,1,0.9004260897636414,1
1602,1,0.8872876167297363,1
1603,1,0.9741922616958618,1
1604,1,0.983059287071228,1
1605,1,0.9820338487625122,1
1606,1,0.9833977222442627,1
1607,1,0.9768335819244385,1
1608,1,0.9643241763114929,1
1609,1,0.9807912111282349,1
1610,1,0.9844943881034851,1
1611,1,0.977165937423706,1
1612,1,0.9824016690254211,1
1613,1,0.9839411377906799,1
1614,1,0.9872976541519165,1
1615,-1,0.8992564082145691,0
1616,1,0.9790584444999695,1
1617,1,0.8672768473625183,1
1618,1,0.9719685912132263,1
1619,1,0.9858410358428955,1
1620,1,0.9828780889511108,1
1621,1,0.9878952503204346,1
1622,1,0.9911931157112122,1
1623,1,0.9882198572158813,1
1624,1,0.9854806065559387,1
1625,1,0.9843959808349609,1
1626,1,0.9718883037567139,1
1627,1,0.6965780854225159,1
1628,1,0.9803399443626404,1
1629,1,0.945438027381897,1
1630,1,0.9578205943107605,1
1631,-1,0.9330819249153137,-1
1632,1,0.9885773658752441,1
1633,1,0.9820560812950134,1
1634,-1,0.8545464277267456,0
1635,1,0.9835247993469238,1
1636,1,0.9818034172058105,1
1637,1,0.9550063610076904,1
1638,1,0.9866394400596619,1
1639,1,0.9693928360939026,1
1640,1,0.9855947494506836,1
1641,1,0.9808783531188965,1
1642,1,0.9053956270217896,1
1643,1,0.9641913175582886,1
1644,1,0.9792390465736389,1
1645,1,0.9824330806732178,1
1646,1,0.9287023544311523,1
1647,1,0.9818929433822632,1
1648,1,0.9875139594078064,1
1649,1,0.962256669998169,1
1650,1,0.9869944453239441,1
1651,1,0.7968243360519409,1
1652,1,0.9873194694519043,1
1653,1,0.9406126141548157,1
1654,1,0.517754316329956,1
1655,1,0.49205300211906433,1
1656,1,0.9880273342132568,1
1657,1,0.9662418961524963,1
1658,1,0.9878365397453308,1
1659,1,0.9836334586143494,1
1660,1,0.9872475862503052,1
1661,1,0.9865996837615967,1
1662,1,0.9145352244377136,1
1663,1,0.9755903482437134,1
1664,1,0.9726440906524658,1
1665,1,0.4519728124141693,0
1666,1,0.97584468126297,1
1667,1,0.9805904626846313,1
1668,1,0.8839865326881409,1
1669,1,0.9087080955505371,1
1670,1,0.9831804633140564,1
1671,1,0.9055706858634949,1
1672,1,0.982569694519043,1
1673,1,0.983726441860199,1
1674,1,0.9699996113777161,1
1675,1,0.9809284806251526,1
1676,1,0.9863399267196655,1
1677,1,0.9799963235855103,1
1678,-1,0.7304226160049438,0
1679,1,0.9208580255508423,1
1680,1,0.6661946177482605,1
1681,1,0.9885518550872803,1
1682,1,0.9622172713279724,1
1683,1,0.8907541632652283,1
1684,-1,0.8782287240028381,-1
1685,1,0.9834027290344238,1
1686,1,0.97639000415802,1
1687,1,0.9682647585868835,1
1688,1,0.9277277588844299,1
1689,1,0.9881514310836792,1
1690,1,0.9771682024002075,1
1691,1,0.9384560585021973,1
1692,1,0.956749677658081,1
1693,1,0.9876749515533447,1
1694,1,0.9681210517883301,1
1695,1,0.9884363412857056,1
1696,1,0.9749564528465271,1
1697,1,0.9841161370277405,1
1698,1,0.772090494632721,1
1699,1,0.9863470196723938,1
1700,1,0.9804201126098633,1
1701,1,0.9564735889434814,1
1702,1,0.9817489385604858,1
1703,1,0.9816856384277344,1
1704,-1,0.9394689202308655,0
1705,1,0.9886302947998047,1
1706,-1,0.5715051293373108,1
1707,1,0.9804100394248962,1
1708,1,0.9651552438735962,1
1709,1,0.9311575293540955,1
1710,1,0.8620614409446716,1
1711,1,0.9808464646339417,1
1712,1,0.9697620868682861,1
1713,1,0.9017317891120911,1
1714,1,0.9660522937774658,1
1715,1,0.9879613518714905,1
1716,1,0.9839633107185364,1
1717,-1,0.6740108728408813,-1
1718,1,0.9860629439353943,1
1719,1,0.9718143343925476,1
1720,1,0.9870113134384155,1
1721,1,0.6971993446350098,1
1722,1,0.9836316108703613,1
1723,1,0.9428176879882812,1
1724,1,0.9820219278335571,1
1725,1,0.9653701186180115,1
1726,1,0.985683798789978,1
1727,1,0.9811798334121704,1
1728,1,0.9869215488433838,1
1729,1,0.9844471216201782,1
1730,1,0.9647924304008484,1
1731,1,0.9646216034889221,1
1732,1,0.9845788478851318,1
1733,0,0.5866928100585938,1
1734,1,0.9644997119903564,1
1735,1,0.9875739216804504,1
1736,1,0.9863728880882263,1
1737,1,0.783822774887085,1
1738,1,0.9843777418136597,1
1739,1,0.9099804162979126,1
1740,1,0.9668485522270203,1
1741,1,0.9810969829559326,1
1742,1,0.9831815361976624,1
1743,1,0.4864337146282196,1
1744,1,0.9860818386077881,1
1745,-1,0.7104902267456055,-1
1746,1,0.9807924628257751,1
1747,1,0.9749253988265991,1
1748,1,0.9788355827331543,1
1749,1,0.8971290588378906,1
1750,1,0.9634233713150024,1
1751,1,0.43342718482017517,-1
1752,0,0.645714282989502,1
1753,1,0.957758367061615,1
1754,1,0.9879708886146545,1
1755,1,0.984553337097168,1
1756,1,0.8807949423789978,1
1757,1,0.9751209020614624,1
1758,1,0.9687203764915466,1
1759,1,0.9656264185905457,1
1760,0,0.4537224769592285,1
1761,1,0.9874125719070435,1
1762,1,0.9788209199905396,1
1763,1,0.9700210094451904,1
1764,1,0.9657981395721436,1
1765,1,0.8930053114891052,1
1766,1,0.4774991571903229,1
1767,1,0.9689999222755432,1
1768,1,0.985466480255127,1
1769,1,0.9582114815711975,1
1770,1,0.9900616407394409,1
1771,1,0.9752951264381409,1
1772,1,0.8520918488502502,1
1773,1,0.9275722503662109,1
1774,1,0.9518631100654602,1
1775,1,0.956825852394104,1
1776,1,0.9826498031616211,1
1777,1,0.8729745745658875,1
1778,1,0.8847439885139465,1
1779,1,0.9639313817024231,1
1780,1,0.9847931861877441,1
1781,1,0.9368104934692383,1
1782,1,0.9631943702697754,1
1783,-1,0.4641897976398468,1
1784,1,0.9821425080299377,1
1785,1,0.9833247661590576,1
1786,1,0.9762384295463562,1
1787,1,0.9785398244857788,1
1788,1,0.9846363067626953,1
1789,-1,0.6500216126441956,1
1790,1,0.9860680103302002,1
1791,1,0.9665552377700806,1
1792,1,0.967623770236969,1
1793,1,0.9512430429458618,1
1794,1,0.967815637588501,1
1795,1,0.9493634700775146,1
1796,1,0.976148784160614,1
1797,1,0.4908948242664337,1
1798,1,0.9807770848274231,1
1799,1,0.9718400239944458,1
1800,1,0.9714404940605164,1
1801,1,0.9822485446929932,1
1802,1,0.49909666180610657,0
1803,1,0.9838235378265381,1
1804,1,0.7374460697174072,1
1805,1,0.9691717624664307,1
1806,1,0.9808834195137024,1
1807,1,0.9849271774291992,1
1808,1,0.6362581253051758,1
1809,1,0.9766444563865662,1
1810,1,0.9860819578170776,1
1811,1,0.9839940071105957,1
1812,1,0.9632568359375,1
1813,1,0.9659952521324158,1
1814,1,0.9843357801437378,1
1815,1,0.966805100440979,1
1816,1,0.984652578830719,1
1817,1,0.9800180792808533,1
1818,1,0.9330095648765564,1
1819,1,0.9118126630783081,1
1820,1,0.9323212504386902,1
1821,1,0.9600108861923218,1
1822,1,0.9155006408691406,1
1823,1,0.9809707999229431,1
1824,1,0.9700703024864197,1
1825,1,0.9220311641693115,1
1826,1,0.972834050655365,1
1827,1,0.9806398749351501,1
1828,1,0.9713335037231445,1
1829,1,0.9668948650360107,1
1830,1,0.9603097438812256,1
1831,1,0.7759422659873962,1
1832,1,0.9838486909866333,1
1833,1,0.9707331657409668,1
1834,1,0.9727920889854431,1
1835,1,0.9750955104827881,1
1836,1,0.9831543564796448,1
1837,1,0.9573211669921875,1
1838,1,0.9830423593521118,1
1839,1,0.9712045192718506,1
1840,1,0.987608015537262,1
1841,1,0.982720673084259,1
1842,1,0.9886754751205444,1
1843,1,0.9721459746360779,1
1844,1,0.9897881746292114,1
1845,1,0.982930600643158,1
1846,1,0.9838445782661438,1
1847,1,0.4970332384109497,0
1848,-1,0.8380250334739685,1
1849,1,0.9844224452972412,1
1850,1,0.9815872311592102,1
1851,1,0.9011998772621155,1
1852,1,0.8232260942459106,1
1853,1,0.9481724500656128,1
1854,-1,0.8123161792755127,0
1855,1,0.9799370169639587,1
1856,1,0.9245598316192627,1
1857,1,0.4059133231639862,1
1858,1,0.96734219789505,1
1859,1,0.9809431433677673,1
1860,1,0.9855738282203674,1
1861,1,0.9731882214546204,1
1862,1,0.9831135272979736,1
1863,1,0.9827221035957336,1
1864,-1,0.7449321746826172,1
1865,1,0.9856589436531067,1
1866,1,0.9839703440666199,1
1867,1,0.8558841943740845,1
1868,1,0.979476273059845,1
1869,1,0.985849916934967,1
1870,1,0.9799168109893799,1
1871,1,0.9332488179206848,1
1872,1,0.9723896384239197,1
1873,1,0.9775780439376831,1
1874,1,0.9583704471588135,1
1875,1,0.9456043243408203,0
1876,0,0.8409920334815979,1
1877,1,0.9799225926399231,1
1878,1,0.985539972782135,1
1879,1,0.9833471179008484,1
1880,1,0.9868255257606506,1
1881,1,0.950506329536438,1
1882,1,0.9756764769554138,1
1883,1,0.9805184602737427,1
1884,1,0.9220643639564514,1
1885,1,0.9802255034446716,1
1886,0,0.6844398379325867,1
1887,1,0.976432204246521,1
1888,1,0.9804184436798096,1
1889,1,0.980736494064331,1
1890,-1,0.7262030243873596,0
1891,1,0.9376511573791504,1
1892,1,0.9768776893615723,1
1893,1,0.9880550503730774,1
1894,1,0.9851927757263184,1
1895,1,0.9817604422569275,1
1896,1,0.9777817726135254,1
1897,1,0.49564996361732483,0
1898,1,0.9824662208557129,1
1899,1,0.9722483158111572,1
1900,1,0.973037838935852,1
1901,1,0.9823175668716431,1
1902,1,0.9864693880081177,1
1903,1,0.9788894653320312,1
1904,1,0.9689792990684509,1
1905,0,0.605417788028717,1
1906,1,0.9676679372787476,1
1907,1,0.9870703816413879,1
1908,-1,0.6291003227233887,1
1909,-1,0.5042663216590881,0
1910,1,0.9877521991729736,1
1911,1,0.9602233171463013,1
1912,1,0.9866421222686768,1
1913,1,0.8449621200561523,1
1914,0,0.46433719992637634,1
1915,1,0.980711817741394,1
1916,1,0.9822525978088379,1
1917,1,0.7459306120872498,1
1918,1,0.9758915901184082,1
1919,1,0.6677544116973877,1
1920,1,0.9504474997520447,1
1921,1,0.9823287129402161,1
1922,1,0.9896355271339417,1
1923,1,0.9808014035224915,1
1924,1,0.976952075958252,1
1925,1,0.9650648236274719,1
1926,1,0.9870849251747131,1
1927,1,0.4595487415790558,1
1928,1,0.9877574443817139,1
1929,1,0.9544534087181091,1
1930,1,0.9847074151039124,1
1931,1,0.9227933883666992,1
1932,1,0.9016968011856079,1
1933,1,0.8750613927841187,1
1934,1,0.907132089138031,1
1935,1,0.9798445701599121,1
1936,1,0.9745040535926819,1
1937,1,0.9204501509666443,1
1938,1,0.8131697773933411,1
1939,-1,0.7870793342590332,-1
1940,1,0.3376651406288147,1
1941,1,0.9812869429588318,1
1942,1,0.9379576444625854,1
1943,1,0.9847433567047119,1
1944,1,0.9895304441452026,1
1945,1,0.8727077841758728,1
1946,1,0.9793796539306641,1
1947,1,0.7547538876533508,1
1948,1,0.9781930446624756,1
1949,1,0.9851851463317871,1
1950,1,0.9767250418663025,1
1951,1,0.987400472164154,1
1952,1,0.9685305953025818,1
1953,1,0.9834067225456238,1
1954,1,0.9840711355209351,1
1955,1,0.9875379800796509,1
1956,1,0.9884777665138245,1
1957,1,0.8260602355003357,1
1958,1,0.9653527140617371,1
1959,0,0.7483137845993042,0
1960,1,0.9661277532577515,1
1961,1,0.9807755947113037,1
1962,1,0.9866214990615845,1
1963,1,0.9660531878471375,1
1964,1,0.9246938228607178,1
1965,1,0.9832234978675842,1
1966,1,0.8412511348724365,1
1967,1,0.9398090839385986,1
1968,1,0.9851210117340088,1
1969,1,0.9882910847663879,1
1970,1,0.9823566675186157,1
1971,1,0.9811747074127197,1
1972,1,0.9826329946517944,1
1973,1,0.9828511476516724,1
1974,1,0.9882960915565491,1
1975,1,0.8996599912643433,1
1976,1,0.9848382472991943,1
1977,1,0.9112988710403442,1
1978,1,0.9247770309448242,1
1979,1,0.9751460552215576,1
1980,0,0.3972586691379547,0
1981,1,0.720686137676239,1
1982,1,0.9778982996940613,1
1983,1,0.9583179354667664,1
1984,1,0.9876318573951721,1
1985,1,0.9817516207695007,1
1986,1,0.9830370545387268,1
1987,-1,0.39124104380607605,1
1988,-1,0.5880171656608582,0
1989,1,0.9891693592071533,1
1990,1,0.9873672723770142,1
1991,1,0.9882383942604065,1
1992,1,0.9849399924278259,1
1993,1,0.9856079816818237,1
1994,1,0.9895069003105164,1
1995,1,0.9793344736099243,1
1996,1,0.986905038356781,1
1997,1,0.9860618710517883,1
1998,1,0.9782652854919434,1
1999,1,0.9735859036445618,1
2000,0,0.551917552947998,1
2001,-1,0.5832719802856445,-1
2002,1,0.9524664282798767,1
2003,1,0.9822103977203369,1
2004,1,0.9854587316513062,1
2005,1,0.9759687781333923,1
2006,1,0.8811168074607849,1
2007,0,0.5104516744613647,1
2008,1,0.9892715215682983,1
2009,1,0.987119197845459,1
2010,1,0.9715327024459839,1
2011,1,0.9861646294593811,1
2012,-1,0.6310761570930481,1
2013,1,0.9661722779273987,1
2014,1,0.8424904346466064,1
2015,1,0.985895574092865,1
2016,1,0.705005943775177,1
2017,1,0.9455714821815491,1
2018,1,0.9842556118965149,1
2019,1,0.962192952632904,1
2020,1,0.9778198599815369,1
2021,1,0.9477818608283997,1
2022,1,0.9767372012138367,1
2023,1,0.9891974329948425,1
2024,1,0.9586586356163025,1
2025,1,0.9418834447860718,1
2026,1,0.984779953956604,1
2027,1,0.9878304600715637,1
2028,1,0.9884219765663147,1
2029,0,0.5528645515441895,1
2030,1,0.9506280422210693,1
2031,1,0.819362998008728,1
2032,1,0.9841485023498535,1
2033,1,0.979568362236023,1
2034,1,0.9831889867782593,1
2035,0,0.5595366358757019,1
2036,1,0.9890480637550354,1
2037,-1,0.8584469556808472,0
2038,1,0.9774019718170166,1
2039,1,0.9804238080978394,1
2040,0,0.46606847643852234,1
2041,1,0.9878990054130554,1
2042,1,0.872821033000946,1
2043,1,0.9768701791763306,1
2044,1,0.9640565514564514,1
2045,1,0.9880788922309875,1
2046,1,0.9482380747795105,1
2047,1,0.9834733605384827,1
2048,1,0.9559020400047302,1
2049,1,0.9844397306442261,1
2050,1,0.9803068041801453,1
2051,1,0.9827173352241516,1
2052,1,0.9782077670097351,1
2053,1,0.988287627696991,1
2054,1,0.9858091473579407,1
2055,1,0.715958833694458,1
2056,1,0.9165612459182739,1
2057,1,0.7399088144302368,1
2058,1,0.9754261374473572,1
2059,1,0.9886658191680908,1
2060,1,0.9692404866218567,1
2061,1,0.9178354740142822,1
2062,1,0.9634691476821899,1
2063,1,0.9858790040016174,1
2064,1,0.9782342314720154,1
2065,1,0.8752752542495728,1
2066,-1,0.9022029638290405,-1
2067,1,0.9750296473503113,1
2068,1,0.9773051738739014,1
2069,1,0.49080193042755127,1
2070,1,0.9749563336372375,1
2071,1,0.9853427410125732,1
2072,1,0.5785325169563293,1
2073,1,0.9361704587936401,1
2074,1,0.9673030972480774,1
2075,1,0.9879905581474304,1
2076,1,0.968376636505127,1
2077,1,0.5471450686454773,1
2078,0,0.8172690272331238,1
2079,1,0.9182544350624084,1
2080,1,0.9423978924751282,1
2081,1,0.9087910652160645,1
2082,1,0.9276787042617798,1
2083,1,0.9727299213409424,1
2084,1,0.9394935369491577,1
2085,1,0.9860242009162903,1
2086,-1,0.7907364964485168,1
2087,1,0.9672572612762451,1
2088,1,0.9640136957168579,1
2089,1,0.9732090830802917,1
2090,1,0.8456254601478577,1
2091,1,0.9862929582595825,1
2092,1,0.9796695709228516,1
2093,1,0.9787533283233643,1
2094,1,0.9350944757461548,1
2095,1,0.9757348299026489,1
2096,1,0.9907464981079102,1
2097,1,0.9811887145042419,1
2098,1,0.9748226404190063,1
2099,1,0.9717141389846802,1
2100,1,0.9442094564437866,1
2101,1,0.7527575492858887,1
2102,1,0.9840286374092102,1
2103,-1,0.8246894478797913,0
2104,1,0.9810710549354553,1
2105,1,0.9861737489700317,1
2106,1,0.988272488117218,1
2107,1,0.9893626570701599,1
2108,1,0.9770141243934631,1
2109,1,0.9726594686508179,1
2110,1,0.9349294900894165,1
2111,1,0.9795776009559631,1
2112,1,0.9884064197540283,1
2113,1,0.6401733756065369,1
2114,1,0.9709669947624207,1
2115,1,0.9000252485275269,1
2116,1,0.9827823042869568,1
2117,1,0.9857897162437439,1
2118,1,0.988610029220581,1
2119,1,0.9810066819190979,1
2120,1,0.982446551322937,1
2121,-1,0.8481999039649963,0
2122,1,0.9813711047172546,1
2123,1,0.906995952129364,0
2124,1,0.7001899480819702,1
2125,1,0.9853081107139587,1
2126,1,0.9810758829116821,1
2127,1,0.9781899452209473,1
2128,-1,0.544195830821991,1
2129,0,0.46789059042930603,1
2130,1,0.9722394347190857,1
2131,1,0.9836789965629578,1
2132,1,0.9863177537918091,1
2133,1,0.9611707329750061,1
2134,1,0.7233666181564331,1
2135,1,0.9664113521575928,1
2136,1,0.9885112047195435,1
2137,1,0.9873019456863403,1
2138,1,0.9869734644889832,1
2139,1,0.9708318114280701,1
2140,1,0.511036217212677,1
2141,1,0.9881452322006226,1
2142,1,0.9710166454315186,1
2143,1,0.980859100818634,1
2144,1,0.9777993559837341,1
2145,1,0.9840162992477417,1
2146,0,0.647479772567749,1
2147,1,0.9699506759643555,1
2148,1,0.9886587262153625,1
2149,-1,0.42152172327041626,1
2150,1,0.9792757034301758,1
2151,1,0.9705638885498047,1
2152,1,0.9430199861526489,1
2153,1,0.9694985747337341,1
2154,1,0.9610501527786255,1
2155,1,0.9536491632461548,1
2156,1,0.9839645624160767,1
2157,1,0.8459584712982178,1
2158,1,0.9149070382118225,1
2159,1,0.9704217314720154,1
2160,1,0.6146766543388367,1
2161,1,0.9817196726799011,1
2162,1,0.9840212464332581,1
2163,1,0.9308827519416809,1
2164,1,0.9830548763275146,1
2165,1,0.9548011422157288,1
2166,1,0.861397385597229,1
2167,1,0.9422293901443481,1
2168,1,0.9859122633934021,1
2169,1,0.9801268577575684,1
2170,1,0.9812963604927063,1
2171,1,0.9616122245788574,1
2172,1,0.9822298288345337,1
2173,1,0.9886497259140015,1
2174,1,0.8953269124031067,1
2175,1,0.9839388728141785,1
2176,1,0.9875619411468506,1
2177,0,0.6481398940086365,1
2178,1,0.8759703040122986,1
2179,1,0.9306615591049194,1
2180,1,0.9841076135635376,1
2181,1,0.9864723682403564,1
2182,1,0.9457547068595886,1
2183,1,0.9809503555297852,1
2184,1,0.3613438010215759,-1
2185,1,0.6159970164299011,1
2186,1,0.9850370287895203,1
2187,1,0.9640191197395325,1
2188,1,0.9827368259429932,1
2189,1,0.9155554175376892,1
2190,1,0.9249820709228516,1
2191,1,0.7747628688812256,1
2192,1,0.42734190821647644,-1
2193,1,0.8766322731971741,1
2194,1,0.9879354238510132,1
2195,1,0.9794716835021973,1
2196,1,0.9812508821487427,1
2197,1,0.9795794486999512,1
2198,1,0.965539813041687,1
2199,1,0.9776079058647156,1
2200,1,0.7378878593444824,1
2201,1,0.9545802474021912,1
2202,1,0.9850181937217712,1
2203,1,0.9611154794692993,1
2204,1,0.9854169487953186,1
2205,1,0.861292839050293,1
2206,1,0.9825349450111389,1
2207,1,0.9853886961936951,1
2208,1,0.9586841464042664,1
2209,1,0.970392107963562,1
2210,1,0.9879679679870605,1
2211,1,0.9196239113807678,1
2212,1,0.9781872630119324,1
2213,1,0.9837875366210938,1
2214,1,0.986201822757721,1
2215,1,0.9239431023597717,1
2216,1,0.9625353217124939,1
2217,1,0.9829890131950378,1
2218,1,0.987731397151947,1
2219,1,0.7579548954963684,1
2220,1,0.976003885269165,1
2221,1,0.7750380635261536,1
2222,1,0.975171685218811,1
2223,1,0.9545994997024536,1
2224,1,0.9857683777809143,1
2225,1,0.9725354313850403,1
2226,1,0.9096505045890808,1
2227,1,0.9863168597221375,1
2228,1,0.9714374542236328,1
2229,1,0.848336398601532,1
2230,1,0.9823275804519653,1
2231,1,0.9872699975967407,1
2232,1,0.9841592311859131,1
2233,1,0.9901958107948303,1
2234,1,0.947178304195404,1
2235,1,0.9847287535667419,1
2236,1,0.9861655235290527,1
2237,1,0.9639683961868286,1
2238,1,0.9877402186393738,1
2239,1,0.9708497524261475,1
2240,1,0.9800601005554199,1
2241,1,0.9428674578666687,1
2242,1,0.9489943385124207,1
2243,1,0.9256990551948547,1
2244,1,0.985792338848114,1
2245,1,0.9837587475776672,1
2246,1,0.9825648665428162,1
2247,1,0.9812255501747131,1
2248,1,0.9750016331672668,1
2249,1,0.9702994227409363,1
2250,1,0.8748839497566223,1
2251,1,0.8478608131408691,1
2252,1,0.9827812314033508,1
2253,1,0.8147950172424316,1
2254,1,0.9739847183227539,1
2255,1,0.9872860312461853,1
2256,1,0.9804172515869141,1
2257,1,0.9690049290657043,1
2258,1,0.9863117337226868,1
2259,1,0.987608790397644,1
2260,1,0.9786106944084167,1
2261,1,0.9825981855392456,1
2262,1,0.9827834367752075,1
2263,1,0.9872761368751526,1
2264,0,0.5503528118133545,-1
2265,1,0.9779580235481262,1
2266,1,0.9892979860305786,1
2267,1,0.6577690243721008,1
2268,1,0.9630261659622192,1
2269,1,0.9768019318580627,1
2270,1,0.9632941484451294,1
2271,1,0.8850098848342896,1
2272,1,0.9819113612174988,1
2273,1,0.9895690083503723,1
2274,1,0.9764080047607422,1
2275,1,0.750825047492981,1
2276,1,0.9078852534294128,1
2277,1,0.9849998950958252,1
2278,1,0.9840928316116333,1
2279,1,0.9894792437553406,1
2280,1,0.9630051851272583,1
2281,1,0.891874372959137,1
2282,1,0.9234456419944763,1
2283,1,0.9053742289543152,1
2284,1,0.9753842353820801,1
2285,1,0.9705954790115356,1
2286,1,0.9800924062728882,1
2287,1,0.9834555983543396,1
2288,1,0.9728730916976929,1
2289,1,0.990139901638031,1
2290,-1,0.8994246125221252,-1
2291,1,0.928303599357605,1
2292,1,0.9710811972618103,1
2293,1,0.9864588379859924,1
2294,1,0.9832533001899719,1
2295,1,0.9821510314941406,1
2296,1,0.9732779860496521,1
2297,1,0.9758194088935852,1
2298,1,0.9763504862785339,1
2299,1,0.98273104429245,1
2300,1,0.9401681423187256,1
2301,1,0.9186369776725769,1
2302,1,0.9731544852256775,1
2303,1,0.985663890838623,1
2304,1,0.9869695901870728,1
2305,1,0.987758219242096,1
2306,1,0.9748309850692749,1
2307,1,0.988201916217804,1
2308,1,0.986565887928009,1
2309,1,0.9817696213722229,1
2310,1,0.9740013480186462,1
2311,1,0.9676916003227234,1
2312,1,0.8712118864059448,1
2313,1,0.9442691802978516,1
2314,1,0.9877586960792542,1
2315,1,0.9605081081390381,1
2316,1,0.9896193146705627,1
2317,1,0.9262694120407104,1
2318,1,0.9832469820976257,1
2319,1,0.9858254790306091,1
2320,1,0.9817142486572266,1
2321,1,0.9891788959503174,1
2322,1,0.9891101717948914,1
2323,1,0.9648922085762024,1
2324,1,0.9564469456672668,1
2325,1,0.9679301381111145,1
2326,1,0.9696937203407288,1
2327,1,0.9875915050506592,1
2328,1,0.9769008755683899,1
2329,1,0.9820263981819153,1
2330,1,0.9824661016464233,1
2331,1,0.920691967010498,1
2332,1,0.9786755442619324,1
2333,1,0.9872950911521912,1
2334,1,0.9781836867332458,1
2335,1,0.9760997295379639,1
2336,1,0.9810225367546082,1
2337,1,0.9837666749954224,1
2338,1,0.9067273736000061,1
2339,1,0.9832390546798706,1
2340,1,0.9839887022972107,1
2341,1,0.9831441044807434,1
2342,1,0.976592481136322,1
2343,1,0.9829038977622986,1
2344,1,0.9835024476051331,1
2345,1,0.9772648811340332,1
2346,1,0.9806126952171326,1
2347,1,0.9667483568191528,1
2348,1,0.9847391843795776,1
2349,1,0.9721625447273254,1
2350,1,0.9707719087600708,1
2351,1,0.9843686819076538,1
2352,1,0.9733181595802307,1
2353,1,0.9882416129112244,1
2354,1,0.9877119660377502,1
2355,1,0.9877235889434814,1
2356,1,0.9850839972496033,1
2357,1,0.9853832721710205,1
2358,1,0.9756963849067688,1
2359,1,0.9861765503883362,1
2360,0,0.4722921848297119,0
2361,1,0.9881408214569092,1
2362,1,0.9845449924468994,1
2363,1,0.8448489308357239,1
2364,1,0.9856328964233398,1
2365,1,0.986669659614563,1
2366,1,0.9838196635246277,1
2367,1,0.9840096235275269,1
2368,1,0.9788206219673157,1
2369,1,0.9546935558319092,1
2370,-1,0.6028211712837219,0
2371,1,0.9540721774101257,1
2372,1,0.9616981148719788,1
2373,1,0.9738827347755432,1
2374,1,0.9721449613571167,1
2375,1,0.9859967827796936,1
2376,1,0.9695004820823669,1
2377,1,0.9823594689369202,1
2378,1,0.9790137410163879,1
2379,1,0.9694319367408752,1
2380,1,0.9889460206031799,1
2381,1,0.9733066558837891,1
2382,1,0.9613286852836609,1
2383,1,0.9826071858406067,1
2384,1,0.9728760123252869,1
2385,1,0.9862726330757141,1
2386,1,0.9770289063453674,1
2387,-1,0.8006551861763,1
2388,1,0.9857650399208069,1
2389,1,0.9860025644302368,1
2390,1,0.9856335520744324,1
2391,1,0.988052487373352,1
2392,1,0.982793927192688,1
2393,-1,0.8099159598350525,-1
2394,1,0.9697239995002747,1
2395,1,0.985025942325592,1
2396,1,0.9848056435585022,1
2397,1,0.9880174398422241,1
2398,1,0.9892221689224243,1
2399,1,0.9277352094650269,1
2400,1,0.9740282893180847,1
2401,1,0.96437007188797,1
2402,1,0.9832130074501038,1
2403,1,0.9769326448440552,1
2404,1,0.9787653088569641,1
2405,1,0.9899367094039917,1
2406,1,0.9807226061820984,1
2407,1,0.9879071116447449,1
2408,-1,0.762372612953186,-1
2409,1,0.894100546836853,1
2410,1,0.9868717193603516,1
2411,1,0.9771190285682678,1
2412,1,0.9792301058769226,1
2413,1,0.9809931516647339,1
2414,1,0.9006257057189941,1
2415,1,0.9782196283340454,1
2416,1,0.9156575202941895,1
2417,1,0.9817277193069458,1
2418,1,0.8588259220123291,1
2419,1,0.8862943053245544,1
2420,1,0.9414851069450378,1
2421,1,0.9904815554618835,1
2422,1,0.9851493835449219,1
2423,1,0.9868313074111938,1
2424,1,0.9784935116767883,1
2425,1,0.9861425757408142,1
2426,1,0.8500282764434814,1
2427,1,0.9736908078193665,1
2428,1,0.67535400390625,1
2429,1,0.9759676456451416,1
2430,1,0.9160726070404053,1
2431,1,0.9839635491371155,1
2432,1,0.96258944272995,1
2433,1,0.9871223568916321,1
2434,1,0.9782832860946655,1
2435,1,0.9859917759895325,1
2436,1,0.9554998278617859,1
2437,1,0.9790393710136414,1
2438,1,0.986677885055542,1
2439,1,0.9881468415260315,1
2440,1,0.9472286701202393,1
2441,1,0.9837956428527832,1
2442,1,0.9824338555335999,1
2443,1,0.9878076910972595,1
2444,1,0.9845922589302063,1
2445,1,0.9876827597618103,1
2446,1,0.7456238269805908,1
2447,1,0.9496844410896301,1
2448,1,0.9864453673362732,1
2449,1,0.9860840439796448,1
2450,1,0.9595348834991455,1
2451,1,0.9892438650131226,1
2452,1,0.9825162887573242,1
2453,1,0.9780133366584778,1
2454,1,0.9896056652069092,1
2455,1,0.9802191853523254,1
2456,1,0.9813987612724304,1
2457,1,0.8631869554519653,1
2458,1,0.9729147553443909,1
2459,1,0.9822522401809692,1
2460,1,0.968716025352478,1
2461,1,0.9857908487319946,1
2462,1,0.9862620234489441,1
2463,1,0.983053982257843,1
2464,1,0.9844925403594971,1
2465,1,0.9459631443023682,1
2466,1,0.9765053987503052,1
2467,1,0.968376874923706,1
2468,1,0.9857339859008789,1
2469,1,0.9845908880233765,1
2470,0,0.5756152272224426,-1
2471,1,0.9858231544494629,1
2472,1,0.984607994556427,1
2473,1,0.9909467697143555,1
2474,1,0.9760541915893555,1
2475,1,0.9793693423271179,1
2476,-1,0.9017261862754822,0
2477,1,0.9536838531494141,1
2478,1,0.9773449897766113,1
2479,1,0.9879155158996582,1
2480,1,0.986611008644104,1
2481,1,0.988549530506134,1
2482,1,0.7574242949485779,1
